playlist_id,playlist_name,source,snapshot_id,last_seen
5359l8Co8qztllR0Mxk4Zv,New Music Discovery,Line Of Best Fit,AAAdZZtuYOSkPrL4E3pFBzJzh19uWMB7,2026-10-10
3ofSbd8nqlIs5E0QxPudLC,Essential New Tracks,DIY,AAAucLf0HjrPdhfTy8xhUZlqSyHyX+/m,2026-10-10
4NzWle6sDBwHLQ1tuqLKhp,Best New Tracks,NME,AAAun31Ry3h4dBbnfKqw6wOahbipD2nU,2026-10-10
1IUuA19O41wAJS4GbBUmGm,PLAY,Dork,AAAMKxr3WbmruP+A60Q5QRo5Q2if7pxt,2026-10-10
4z2ebTTKukc34eMDlqrnW4,Songs You Need To Know,Rolling Stone,AAAgQ71RcOVHmeueA9d0hT/9JfHVnTws,2026-10-10
7f9o34JAe8ZSRq4GX7f0Ol,Pitchfork Selects,Pitchfork,AAAUVM3LME/pEjFcT4LwgRXjo2v+SI4D,2026-10-10
4CFWNPfP7YKjDQOC2P7Ufr,Favourite New Music,Stereogum,AAASkEJMg4CIPBxQJAgmZ+GBwqGi1oYb,2026-10-10
52mIszYugLHD7Xy94rCfVC,Popmatters Picks,Popmatters,AAAiiddLJeuRWJWSHzniBUvpSMpve7AJ,2026-10-10
5NJ8NiOnW7gSSsAQQs7I5n,5 Songs to hear this week,KCRW,AAABRd9P5cd8RZjd4tia0HlDjAiPXgSo,2026-10-10
7g6J6vrx7ok5I0fXkyLt6y,Todays Dance Anthems,BBC Radio 1,AAAAFYAa7LK5tCNQE4w/uZ2xVHLwZZ+e,2026-10-10
5DjFGSMemnQlto1iopbULA,Folk Show W/ Mark Radcliffe,BBC Radio 2,AAABItQO6x8wfYn/2tVQLSFTdNEI7tib,2026-10-10
197QzBV7LFn6o4rFbUe1kJ,Music Planet,BBC Radio 3,AAABCq6YOflgS52Csk9iFXp/JDVbLXE3,2026-10-10
2rjHoY4rckW70ChgsK1JUc,Radio 1 rock show w/ Daniel Carter,BBC Radio 1,AAAA6khqMFDGd+yZzTSmgaC4zhQIPwIe,2026-10-10
1QkhCRkgIKTGPSjFWD5faY,UK Top 40,Official Charts,AAAAC9x0NtEyxVwIaVG1MIA+hqHpHwha,2026-10-10
58pjPUoBTA1hjnS241Q2Tx,"A, B, C Playlists For The Week Combined",BBC Radio 1,AAA88WQ4p+VU1X82sEQ+J4AbYEaf+U/a,2026-10-10
4sOoJdciQNwcJSj0cgJ6DY,"A, B, C Playlists For The Week Combined",BBC Radio 2,AAAANeIQvrDZ2Af6GuQldLdLqbZcsZ1R,2026-10-10
32uSQvONpNRWU2bPxHkjhj,New Music Fix Playlist,BBC Radio 6,AAABEmF8Saf6CFarHpZZrhPN9s9pbxAN,2026-10-10
38r71X149OqzSR7uR1HMv6,Bob Boilen / Host All Things Considered,NPR,AAAKSlBQ7VfXvgbxpKWrOhPkhRV9MN51,2026-10-10
7ro9wf8vuSLGxStaC8t8Rv,All Songs Considered,NPR,AAAHvCM8tSZ+js5vGiyfdpqWeQje54nK,2026-10-10
39s1hlg987JGqOeXkmuUUn,Metropolis,KCRW,AAAC5OS0u6LZ2JYdFUdLKlslcT2+Fo6x,2026-10-10
1GsNoC9Xdjz9Z7rop7b5xR,Next Hype: Best New Music,Dummy magazine,AAA1Z+e7VrdGnbXJKm+Ek+bMvBFduWCX,2026-10-10
2hh8x1bPsgPpxwhIV0muAn,Gilles Peterson Show,BBC Radio 6,AAAAuu1eZX0WXlj9BunI/Zx7lyjROdQK,2026-10-10
3OFAXHgkjxsJ1tGBBzKWCt,The Morning After Mix,BBC Radio 6,AAABJsGUrMBZIDtquRWhaCSNyFu7RNcT,2026-10-10
4x1Qroq1N7F4mwsfKC2oPJ,Chillest Show,BBC Radio 1,AAAAwuMBnqJzsSxTcWg8jK+GsCtHT3uk,2026-10-10
65xSncKQzG6Suseh5gfYP1,Pigeons and Planes,Complex,AABEU/FuP7VWMa7WyQAeeoRTdajw/yS9,2026-10-10
5GCassyKKCe7NOAzJL2Yh8,⌘R The Best New Music,Crack,AAA9rx7FV+ULSmN4gneUlm7Qhx2sC+YH,2026-10-10
7ietOamKTD6b0KDgVMO3yH,"A, B and C lists For The Week Combined",BBC Radio 6,AAAAFjh6N3jpyOq2QX7+W4e3Y4sOMFzm,2026-10-10
4x0aFd4Sg8d23xoUfyIw7v,Song Of The Day,The Current,AAAAW1FxsclXpCsE84TtKE0BuQkiLDSg,2026-10-10
4hnFH5DBSCdnmV8lfDBo3F,KCRW Today's Top Tune,KCRW,AAAASBuMspHG9fnjBNQw4jXHsVjsmX4U,2026-10-10
1fORicyVhjaEKMTZ4GIbZL,KUTX Song of the Day,KUTX,AAAANUcxZlG9N+tUsl7SNRuOTBmlJPNW,2026-10-10
1SKmnWVszdBF9zEzxjMap7,Record of The Day,Record of The Day,AAAAXndZ8GGP85NVFumES5HLikhnS1Ry,2026-10-10
191fi0LzycWlirCnGo8fAE,RadioX Playlist (Daytime + X-posure),RadioX,AAAAVSLyTYEyyG63OiIXysqN148BUWp/,2026-10-10
60VayqPuLXaftoj2Wrqpti,KEXP New This Week,KEXP,AAABcqKcN8ggWNtrgr/a8RLvq8FR0/Fi,2026-10-10
48kgn15Mrg6XC859pVtZj5,Add To Playlist,Guardian,AAACsDBO4xP4r9duXmE3f3aFYnSo8y6Q,2026-10-10
07ylMaHco2i3MPaQDxDiff,The Only Tracks You Need To Hear This Month,Dazed,AAAJaS2pxY7K8rslIXgIq4BU9hNmHXA+,2026-10-10
3hg5HCEvit4oqMDuBuHh4C,XPN Best New Music,WXPN,AAAPtBdvCVHcAyFpIXSNq/5P6KB22jgn,2026-10-10
0IWgt0h2ZxDNV4iVMQaELL,Songs You Need In Your Life,Fader,AAAf3Q5GccT2vFZOFA9Z4AfwlRV3s8on,2026-10-10
4LCHtqrBZl4Wmy0Bgi3TTY,BRAND NEW,The Forty-Five,AAANTcFiX8nf0aHSPE8w0XTNGtJpG/W3,2026-10-10
1b70c2xrXDPHicffGo2eJQ,Next Wave,Clash Music,AAAr1yIbntI1O02iQVGmEdpteC3NMh21,2026-10-10
